1,1,0,1,0,0,1,14.76,18.94,66,0
1,1,11,1,0,0,1,13.94,16.665,76,8.9981
1,1,15,1,0,0,1,18.86,22.725,51,19.9995
1,1,16,1,0,0,2,18.04,21.97,54,19.9995
1,1,19,1,0,0,3,17.22,21.21,67,26.0027
1,2,4,1,1,0,1,11.48,12.88,45,22.0028
1,2,5,1,1,0,1,11.48,12.88,45,22.0028
1,2,12,1,1,0,1,11.48,13.635,36,16.9979
1,2,18,1,1,0,1,10.66,12.12,33,16.9979
1,3,4,1,0,1,1,6.56,7.575,55,16.9979
1,3,8,1,0,1,1,6.56,6.82,55,19.0012
1,3,14,1,0,1,1,6.56,6.06,43,35.0008
1,3,18,1,0,1,1,5.74,4.545,26,35.0008
1,4,3,1,0,1,1,0.82,0.76,34,19.0012
1,4,4,1,0,1,1,0.82,2.275,41,12.998
1,4,14,1,0,1,2,5.74,6.06,46,16.9979
1,4,15,1,0,1,2,7.38,7.575,37,22.0028
1,4,20,1,0,1,2,8.2,9.85,40,12.998
1,5,4,1,0,1,2,8.2,11.365,59,6.0032
1,5,9,1,0,1,2,9.02,13.635,69,0
1,5,11,1,0,1,1,12.3,16.665,49,0
1,5,14,1,0,1,1,13.94,15.91,39,19.0012
1,5,16,1,0,1,1,14.76,16.665,34,19.0012
1,5,19,1,0,1,1,13.94,17.425,34,6.0032
1,6,2,1,0,1,1,9.02,11.365,69,11.0014
1,6,15,1,0,1,1,21.32,25,27,16.9979
1,6,22,1,0,1,1,14.76,17.425,50,12.998
1,7,20,1,0,0,1,20.5,24.24,39,16.9979
1,7,21,1,0,0,1,18.04,21.97,44,15.0013
1,8,1,1,0,0,1,13.94,16.665,42,12.998
1,8,2,1,0,0,1,14.76,16.665,37,19.0012
1,8,4,1,0,0,1,13.12,15.15,49,16.9979
1,8,9,1,0,0,1,13.12,16.665,53,8.9981
1,8,23,1,0,0,1,10.66,12.12,56,16.9979
1,9,0,1,0,1,1,9.84,11.365,60,15.0013
1,9,1,1,0,1,1,9.84,12.12,60,8.9981
1,9,3,1,0,1,1,9.84,12.12,52,11.0014
1,9,5,1,0,1,2,8.2,11.365,64,6.0032
1,9,6,1,0,1,2,9.02,11.365,60,8.9981
1,9,15,1,0,1,3,9.02,11.365,75,11.0014
1,9,19,1,0,1,3,8.2,11.365,93,6.0032
1,9,20,1,0,1,2,8.2,11.365,86,6.0032
1,9,21,1,0,1,2,8.2,12.88,93,0
1,10,1,1,0,1,2,9.02,12.12,93,7.0015
1,10,14,1,0,1,1,17.22,21.21,38,19.9995
1,10,15,1,0,1,1,17.22,21.21,38,19.9995
1,10,19,1,0,1,1,15.58,19.695,46,7.0015
1,10,21,1,0,1,1,13.12,16.665,66,6.0032
1,10,23,1,0,1,1,10.66,13.635,81,7.0015
1,11,7,1,0,1,1,8.2,10.605,80,8.9981
1,11,8,1,0,1,1,8.2,11.365,82,7.0015
1,11,11,1,0,1,2,10.66,14.395,87,6.0032
1,11,16,1,0,1,2,13.94,15.91,87,16.9979
1,12,3,1,0,1,3,14.76,17.425,93,16.9979
1,12,7,1,0,1,2,13.94,15.91,87,19.0012
1,13,5,1,0,1,2,12.3,12.12,70,36.9974
1,13,7,1,0,1,1,10.66,12.88,60,15.0013
1,13,8,1,0,1,1,9.84,10.605,52,23.9994
1,13,17,1,0,1,1,11.48,12.12,33,27.9993
1,13,20,1,0,1,1,9.84,12.12,41,11.0014
1,13,21,1,0,1,1,9.84,10.605,41,19.0012
1,14,0,1,0,0,1,6.56,9.09,47,7.0015
1,14,17,1,0,0,1,9.84,11.365,41,16.9979
1,15,5,1,0,0,2,6.56,6.82,47,22.0028
1,15,6,1,0,0,2,5.74,6.06,50,19.0012
1,15,10,1,0,0,1,5.74,6.06,54,19.0012
1,15,12,1,0,0,1,7.38,8.335,40,19.9995
1,15,16,1,0,0,1,9.02,10.605,29,19.9995
1,15,23,1,0,0,1,6.56,9.85,43,6.0032
1,16,0,1,1,0,1,5.74,7.575,46,8.9981
1,16,5,1,1,0,1,4.92,8.335,54,6.0032
1,16,7,1,1,0,1,4.1,6.82,54,7.0015
1,16,9,1,1,0,1,4.1,6.06,58,11.0014
1,16,18,1,1,0,1,10.66,11.365,52,22.0028
1,17,2,1,0,1,3,11.48,13.635,75,16.9979
1,17,10,1,0,1,3,12.3,14.395,87,16.9979
1,18,6,1,0,1,1,13.94,14.395,36,35.0008
1,18,9,1,0,1,1,11.48,12.88,52,22.0028
1,19,4,1,0,1,1,4.92,7.575,54,7.0015
1,19,8,1,0,1,1,4.92,7.575,54,7.0015
1,19,20,1,0,1,1,10.66,10.605,52,30.0026
1,19,23,1,0,1,1,10.66,11.365,48,22.0028
2,1,5,1,0,1,1,16.4,20.455,50,11.0014
2,1,6,1,0,1,3,16.4,20.455,54,11.0014
2,1,12,1,0,1,1,18.04,21.97,54,7.0015
2,1,15,1,0,1,1,24.6,31.06,35,19.0012
2,2,2,1,0,1,2,17.22,21.21,67,8.9981
2,2,3,1,0,1,2,17.22,21.21,67,8.9981
2,2,8,1,0,1,3,16.4,20.455,87,0
2,2,9,1,0,1,3,15.58,19.695,87,0
2,2,16,1,0,1,1,18.86,22.725,55,19.0012
2,2,20,1,0,1,1,14.76,15.91,46,35.0008
2,2,23,1,0,1,1,13.12,15.15,49,16.9979
2,3,2,1,0,1,1,12.3,14.395,52,15.0013
2,3,4,1,0,1,1,10.66,12.88,60,15.0013
2,3,14,1,0,1,1,14.76,17.425,46,15.0013
2,3,22,1,0,1,1,13.94,17.425,49,7.0015
2,4,12,1,0,0,2,12.3,15.91,70,6.0032
2,4,16,1,0,0,2,13.94,16.665,61,11.0014
2,4,17,1,0,0,3,12.3,14.395,70,12.998
2,4,22,1,0,0,2,9.84,12.88,87,6.0032
2,4,23,1,0,0,2,9.84,12.12,87,8.9981
2,5,3,1,0,0,3,9.84,12.88,87,6.0032
2,5,6,1,0,0,2,10.66,12.12,70,16.9979
2,5,11,1,0,0,2,10.66,12.88,70,12.998
2,5,12,1,0,0,2,10.66,12.88,65,12.998
2,5,15,1,0,0,2,12.3,14.395,56,16.9979
2,5,16,1,0,0,1,12.3,14.395,56,15.0013
2,6,6,1,0,1,1,6.56,9.09,86,7.0015
2,6,7,1,0,1,1,6.56,9.09,86,7.0015
2,6,10,1,0,1,1,9.02,12.12,75,7.0015
2,6,11,1,0,1,1,10.66,13.635,70,8.9981
2,6,20,1,0,1,1,13.94,16.665,46,11.0014
2,6,23,1,0,1,1,12.3,15.15,65,8.9981
2,7,13,1,0,1,1,18.04,21.97,38,16.9979
2,7,15,1,0,1,1,18.04,21.97,38,12.998
2,7,20,1,0,1,1,14.76,17.425,50,8.9981
2,8,5,1,0,1,1,9.84,12.88,70,6.0032
2,8,11,1,0,1,2,10.66,12.88,65,15.0013
2,8,15,1,0,1,3,12.3,15.91,61,7.0015
2,8,16,1,0,1,3,10.66,13.635,81,7.0015
2,8,23,1,0,1,2,9.84,12.12,87,11.0014
2,9,2,1,0,1,1,9.02,11.365,80,8.9981
2,9,4,1,0,1,2,9.02,9.85,75,30.0026
2,9,12,1,0,1,1,10.66,11.365,48,22.0028
2,9,15,1,0,1,1,13.12,15.15,36,19.9995
2,10,3,1,0,1,1,10.66,14.395,56,6.0032
2,10,9,1,0,1,1,9.02,11.365,55,11.0014
2,10,12,1,0,1,2,12.3,15.15,42,8.9981
2,10,14,1,0,1,2,13.12,16.665,39,6.0032
2,10,20,1,0,1,2,13.12,17.425,57,0
2,10,21,1,0,1,2,13.12,16.665,66,6.0032
2,11,4,1,0,0,3,9.84,11.365,87,15.0013
2,11,8,1,0,0,3,9.02,11.365,93,8.9981
2,11,9,1,0,0,3,9.02,12.12,93,7.0015
2,11,10,1,0,0,3,9.02,12.12,93,7.0015
2,11,11,1,0,0,2,9.84,12.88,81,7.0015
2,11,12,1,0,0,2,10.66,12.88,81,11.0014
2,11,14,1,0,0,2,10.66,12.12,81,16.9979
2,12,6,1,0,0,1,4.1,3.79,49,26.0027
2,12,18,1,0,0,1,6.56,6.06,40,31.0009
2,12,19,1,0,0,1,6.56,6.82,40,19.0012
2,12,23,1,0,0,1,5.74,6.82,43,15.0013
2,13,1,1,0,1,1,4.92,6.06,50,15.0013
2,13,3,1,0,1,1,4.92,7.575,54,7.0015
2,13,5,1,0,1,1,4.1,6.06,58,8.9981
2,13,6,1,0,1,1,4.1,5.305,54,15.0013
2,13,18,1,0,1,1,13.94,15.91,25,16.9979
2,13,19,1,0,1,1,13.94,16.665,25,8.9981
2,13,22,1,0,1,1,10.66,13.635,56,7.0015
2,13,23,1,0,1,1,11.48,15.91,41,0
2,14,5,1,0,1,2,10.66,13.635,65,7.0015
2,14,8,1,0,1,2,9.84,14.395,70,0
2,14,12,1,0,1,2,12.3,14.395,52,15.0013
2,14,14,1,0,1,1,16.4,20.455,40,15.0013
2,14,16,1,0,1,1,17.22,21.21,35,19.9995
2,14,18,1,0,1,2,15.58,19.695,46,19.9995
2,14,20,1,0,1,2,15.58,19.695,46,8.9981
2,15,0,1,0,1,1,13.12,17.425,57,0
2,15,1,1,0,1,1,13.94,18.18,53,0
2,15,2,1,0,1,1,12.3,16.665,61,0
2,15,3,1,0,1,1,11.48,15.91,75,0
2,15,5,1,0,1,1,11.48,14.395,70,7.0015
2,15,6,1,0,1,1,12.3,15.15,61,8.9981
2,15,12,1,0,1,1,15.58,19.695,46,26.0027
2,15,18,1,0,1,1,16.4,20.455,40,15.0013
2,15,22,1,0,1,1,13.94,17.425,49,7.0015
2,16,3,1,0,1,2,12.3,16.665,61,0
2,16,8,1,0,1,2,12.3,15.91,70,6.0032
2,16,13,1,0,1,3,13.94,15.91,71,16.9979
2,16,16,1,0,1,3,13.94,18.18,81,0
2,16,22,1,0,1,2,13.12,17.425,81,0
2,17,1,1,0,1,2,12.3,16.665,93,0
2,17,2,1,0,1,2,12.3,15.91,93,7.0015
2,17,6,1,0,1,2,11.48,14.395,96,8.9981
2,17,11,1,0,1,1,14.76,16.665,62,27.9993
2,17,12,1,0,1,1,15.58,19.695,46,26.0027
2,17,13,1,0,1,1,16.4,20.455,43,23.9994
2,17,16,1,0,1,1,17.22,21.21,32,19.9995
2,17,23,1,0,1,1,14.76,17.425,40,12.998
2,18,4,1,0,0,1,10.66,15.15,70,0
2,18,8,1,0,0,1,9.02,13.635,87,0
2,18,11,1,0,0,1,13.12,16.665,57,8.9981
2,18,14,1,0,0,1,18.04,21.97,35,23.9994
2,18,22,1,0,0,1,16.4,20.455,40,30.0026
2,18,23,1,0,0,2,14.76,16.665,40,26.0027
2,19,3,1,0,0,2,12.3,14.395,36,15.0013
2,19,13,1,0,0,1,12.3,15.15,49,11.0014
2,19,18,1,0,0,2,12.3,13.635,49,22.0028
2,19,20,1,0,0,2,12.3,14.395,52,19.0012
3,1,2,1,0,1,2,18.86,22.725,94,19.0012
3,1,3,1,0,1,1,18.86,22.725,94,15.0013
3,1,5,1,0,1,1,19.68,23.485,88,11.0014
3,1,10,1,0,1,1,21.32,25,55,11.0014
3,1,12,1,0,1,1,22.96,26.515,37,15.0013
3,1,21,1,0,1,1,17.22,21.21,47,31.0009
3,2,3,1,0,1,1,13.12,15.91,57,12.998
3,2,10,1,0,1,1,14.76,17.425,50,11.0014
3,2,11,1,0,1,1,15.58,19.695,46,12.998
3,2,14,1,0,1,2,18.04,21.97,44,19.0012
3,2,17,1,0,1,3,14.76,17.425,81,15.0013
3,2,22,1,0,1,2,14.76,18.94,87,0
3,3,2,1,0,0,3,14.76,18.18,93,6.0032
3,3,3,1,0,0,2,14.76,17.425,93,11.0014
3,3,10,1,0,0,2,16.4,20.455,87,0
3,3,23,1,0,0,1,17.22,21.21,24,0
3,4,6,1,0,0,2,12.3,13.635,52,19.9995
3,4,13,1,0,0,1,14.76,16.665,37,23.9994
3,4,14,1,0,0,1,14.76,16.665,34,23.9994
3,4,20,1,0,0,1,11.48,13.635,38,16.9979
3,4,21,1,0,0,1,11.48,13.635,36,15.0013
3,4,22,1,0,0,1,10.66,12.12,41,16.9979
3,5,1,1,0,1,1,9.84,12.12,48,8.9981
3,5,17,1,0,1,3,12.3,13.635,45,19.9995
3,6,2,1,0,1,1,8.2,9.85,44,15.0013
3,6,5,1,0,1,1,7.38,9.09,51,15.0013
3,6,11,1,0,1,1,10.66,12.88,41,11.0014
3,6,12,1,0,1,1,10.66,13.635,41,7.0015
3,6,15,1,0,1,1,13.94,15.15,36,19.9995
3,6,16,1,0,1,1,14.76,16.665,32,19.0012
3,7,8,1,0,1,1,11.48,12.88,61,19.9995
3,7,12,1,0,1,1,18.04,21.97,38,26.0027
3,7,16,1,0,1,1,22.96,26.515,37,27.9993
3,7,19,1,0,1,1,22.14,25.76,42,23.9994
3,7,20,1,0,1,1,20.5,24.24,51,16.9979
3,8,1,1,0,1,1,18.86,22.725,63,22.0028
3,8,4,1,0,1,1,18.04,21.97,72,19.0012
3,8,7,1,0,1,1,17.22,21.21,77,23.9994
3,8,10,1,0,1,1,20.5,24.24,68,31.0009
3,8,16,1,0,1,2,25.42,31.06,41,43.0006
3,8,17,1,0,1,1,25.42,31.06,38,43.9989
3,9,2,1,0,1,3,19.68,23.485,77,27.9993
3,9,11,1,0,1,2,14.76,16.665,34,23.9994
3,9,13,1,0,1,2,15.58,19.695,29,26.0027
3,9,19,1,0,1,1,17.22,21.21,28,40.9973
3,9,21,1,0,1,1,14.76,16.665,34,22.0028
3,9,22,1,0,1,1,13.94,14.395,31,32.9975
3,10,1,1,0,0,1,12.3,14.395,36,16.9979
3,10,7,1,0,0,1,9.02,10.605,44,16.9979
3,10,10,1,0,0,1,10.66,11.365,35,27.9993
3,10,16,1,0,0,1,14.76,18.18,23,0
3,10,19,1,0,0,1,13.94,18.18,25,0
3,10,20,1,0,0,1,13.12,16.665,33,8.9981
3,10,23,1,0,0,1,10.66,12.88,41,12.998
3,11,1,1,0,0,1,9.84,12.12,52,11.0014
3,11,8,1,0,0,1,9.02,11.365,69,8.9981
3,11,11,1,0,0,1,14.76,16.665,43,19.0012
3,11,14,1,0,0,1,18.86,22.725,31,19.0012
3,11,16,1,0,0,1,20.5,24.24,31,23.9994
3,12,17,1,0,1,2,25.42,31.06,38,27.9993
3,12,18,1,0,1,2,24.6,31.06,43,12.998
3,12,20,1,0,1,2,22.96,26.515,49,15.0013
3,12,21,1,0,1,2,22.14,25.76,56,15.0013
3,13,7,1,0,1,2,18.86,22.725,82,19.0012
3,13,10,1,0,1,1,21.32,25,77,15.0013
3,13,13,1,0,1,1,24.6,30.305,60,26.0027
3,13,16,1,0,1,1,29.52,32.575,34,26.0027
3,14,3,1,0,1,1,19.68,23.485,72,12.998
3,14,9,1,0,1,1,21.32,25,68,0
3,14,18,1,0,1,1,28.7,31.82,32,0
3,14,20,1,0,1,1,25.42,31.06,35,7.0015
3,14,21,1,0,1,1,24.6,31.06,40,6.0032
3,15,3,1,0,1,1,20.5,24.24,63,0
3,15,6,1,0,1,1,18.04,21.97,72,6.0032
3,15,10,1,0,1,1,21.32,25,68,7.0015
3,15,12,1,0,1,2,25.42,31.06,50,8.9981
3,15,13,1,0,1,2,27.06,31.06,41,6.0032
3,15,15,1,0,1,1,29.52,32.575,32,15.0013
3,15,16,1,0,1,1,29.52,32.575,37,26.0027
3,15,18,1,0,1,1,27.06,31.06,44,19.0012
3,15,19,1,0,1,2,26.24,31.06,50,12.998
3,15,21,1,0,1,1,22.14,25.76,68,19.0012
3,15,23,1,0,1,1,19.68,23.485,72,12.998
3,16,2,1,0,1,2,17.22,21.21,82,12.998
3,16,7,1,0,1,2,16.4,20.455,87,12.998
3,16,9,1,0,1,2,17.22,21.21,82,0
3,16,16,1,0,1,3,19.68,23.485,77,0
3,17,4,1,0,0,2,17.22,21.21,94,0
3,17,5,1,0,0,2,17.22,21.21,94,6.0032
3,17,6,1,0,0,2,17.22,21.21,94,12.998
3,17,7,1,0,0,2,16.4,20.455,100,8.9981
3,17,9,1,0,0,2,18.04,21.97,88,6.0032
3,17,11,1,0,0,2,21.32,25,77,8.9981
3,17,14,1,0,0,1,25.42,31.06,53,6.0032
3,17,15,1,0,0,1,26.24,31.06,53,8.9981
3,17,17,1,0,0,1,26.24,31.06,50,8.9981
3,17,20,1,0,0,1,22.96,26.515,64,12.998
3,17,23,1,0,0,1,20.5,24.24,77,11.0014
3,18,0,1,0,0,1,18.86,22.725,88,12.998
3,18,10,1,0,0,2,17.22,21.21,88,7.0015
3,18,13,1,0,0,2,18.86,22.725,82,11.0014
3,18,14,1,0,0,2,20.5,24.24,77,6.0032
3,18,16,1,0,0,1,22.14,25.76,73,6.0032
3,18,23,1,0,0,1,19.68,23.485,82,11.0014
3,19,4,1,0,1,1,18.04,21.97,94,0
3,19,15,1,0,1,1,26.24,31.06,57,15.0013
3,19,16,1,0,1,1,27.06,31.06,50,15.0013
3,19,18,1,0,1,1,26.24,31.06,57,16.9979
3,19,20,1,0,1,1,24.6,30.305,64,15.0013
4,1,2,2,0,0,2,14.76,17.425,76,11.0014
4,1,7,2,0,0,2,14.76,17.425,71,8.9981
4,1,9,2,0,0,2,14.76,17.425,81,8.9981
4,1,22,2,0,0,3,20.5,24.24,63,7.0015
4,2,1,2,0,1,3,17.22,21.21,88,6.0032
4,2,4,2,0,1,1,16.4,20.455,76,32.9975
4,2,8,2,0,1,1,14.76,16.665,57,22.0028
4,2,12,2,0,1,1,18.04,21.97,44,30.0026
4,2,13,2,0,1,1,18.86,22.725,36,19.9995
4,2,16,2,0,1,1,20.5,24.24,34,22.0028
4,3,8,2,0,1,1,13.94,18.18,57,0
4,3,15,2,0,1,1,24.6,29.545,20,12.998
4,3,18,2,0,1,1,24.6,30.305,26,11.0014
4,3,19,2,0,1,1,22.96,26.515,26,7.0015
4,3,23,2,0,1,1,20.5,24.24,59,0
4,4,1,2,0,1,1,18.86,22.725,59,0
4,4,12,2,0,1,2,24.6,31.06,46,27.9993
4,5,0,2,0,1,1,21.32,25,23,27.9993
4,5,1,2,0,1,1,19.68,23.485,27,22.0028
4,5,4,2,0,1,1,15.58,19.695,43,19.0012
4,5,9,2,0,1,1,16.4,20.455,37,16.9979
4,5,10,2,0,1,1,17.22,21.21,35,19.0012
4,5,14,2,0,1,1,18.86,22.725,33,11.0014
4,5,22,2,0,1,1,16.4,20.455,47,12.998
4,6,4,2,0,1,1,13.94,15.91,49,16.9979
4,6,12,2,0,1,1,17.22,21.21,35,19.9995
4,6,15,2,0,1,1,20.5,24.24,27,19.0012
4,6,19,2,0,1,1,19.68,23.485,23,19.9995
4,7,5,2,0,0,1,13.12,15.91,33,11.0014
4,7,10,2,0,0,1,17.22,21.21,28,16.9979
4,7,17,2,0,0,1,22.14,25.76,19,27.9993
4,7,18,2,0,0,1,22.14,25.76,18,19.9995
4,7,20,2,0,0,1,20.5,24.24,20,15.0013
4,8,2,2,0,0,1,18.04,21.97,24,15.0013
4,8,7,2,0,0,1,15.58,19.695,27,11.0014
4,8,8,2,0,0,1,16.4,20.455,30,12.998
4,8,9,2,0,0,1,18.04,21.97,26,15.0013
4,8,10,2,0,0,1,20.5,24.24,25,15.0013
4,8,11,2,0,0,1,20.5,24.24,25,19.0012
4,8,13,2,0,0,1,23.78,27.275,23,11.0014
4,8,23,2,0,0,1,20.5,24.24,39,16.9979
4,9,12,2,0,1,1,22.14,25.76,28,47.9988
4,9,14,2,0,1,1,22.96,26.515,28,36.9974
4,9,23,2,0,1,1,18.04,21.97,44,19.9995
4,10,0,2,0,1,2,18.04,21.97,47,19.0012
4,10,11,2,0,1,1,20.5,24.24,36,0
4,10,12,2,0,1,1,22.14,25.76,22,19.0012
4,10,14,2,0,1,1,22.14,25.76,24,12.998
4,10,17,2,0,1,1,22.96,26.515,21,35.0008
4,10,18,2,0,1,1,22.14,25.76,22,27.9993
4,10,23,2,0,1,1,14.76,16.665,40,27.9993
4,12,5,2,0,1,1,12.3,14.395,61,15.0013
4,12,9,2,0,1,1,14.76,16.665,57,23.9994
4,12,16,2,0,1,1,19.68,23.485,31,19.0012
4,12,23,2,0,1,1,17.22,21.21,35,12.998
4,13,4,2,0,1,2,13.94,16.665,53,8.9981
4,13,16,2,0,1,1,22.96,26.515,26,16.9979
4,13,18,2,0,1,1,22.14,25.76,26,8.9981
4,13,19,2,0,1,1,22.14,25.76,24,11.0014
4,13,20,2,0,1,1,20.5,24.24,29,8.9981
4,13,23,2,0,1,1,17.22,21.21,62,6.0032
4,14,9,2,0,0,1,17.22,21.21,54,8.9981
4,14,12,2,0,0,1,23.78,27.275,35,16.9979
4,14,14,2,0,0,2,26.24,31.06,27,30.0026
4,14,19,2,0,0,2,24.6,31.06,40,11.0014
4,15,1,2,0,0,2,22.14,25.76,56,11.0014
4,15,9,2,0,0,1,22.14,25.76,56,15.0013
4,15,10,2,0,0,1,23.78,27.275,53,15.0013
4,15,16,2,0,0,1,29.52,32.575,39,23.9994
4,15,17,2,0,0,1,28.7,31.82,42,22.0028
4,15,19,2,0,0,1,28.7,31.82,42,16.9979
4,16,3,2,1,0,1,23.78,27.275,68,12.998
4,16,5,2,1,0,1,22.14,25.76,77,15.0013
4,16,12,2,1,0,1,27.88,31.82,57,16.9979
4,17,3,2,0,1,1,22.96,26.515,83,6.0032
4,17,7,2,0,1,1,24.6,31.06,43,16.9979
4,17,8,2,0,1,1,24.6,31.06,43,15.0013
4,17,9,2,0,1,1,24.6,31.06,38,32.9975
4,17,19,2,0,1,1,24.6,30.305,26,16.9979
4,17,21,2,0,1,1,22.96,26.515,26,19.9995
4,18,0,2,0,1,1,22.14,25.76,32,11.0014
4,18,22,2,0,1,2,17.22,21.21,77,6.0032
4,19,4,2,0,1,2,17.22,21.21,71,0
4,19,11,2,0,1,1,21.32,25,48,0
5,1,1,2,0,1,2,20.5,24.24,63,8.9981
5,1,8,2,0,1,2,21.32,25,94,19.0012
5,1,15,2,0,1,2,30.34,33.335,45,15.0013
5,1,16,2,0,1,1,30.34,33.335,45,12.998
5,1,18,2,0,1,1,28.7,32.575,54,8.9981
5,1,20,2,0,1,1,27.06,31.06,61,11.0014
5,1,23,2,0,1,1,24.6,28.79,78,0
5,2,4,2,0,1,1,22.14,25.76,88,0
5,2,6,2,0,1,3,22.96,26.515,84,0
5,2,15,2,0,1,1,26.24,30.305,65,12.998
5,3,11,2,0,1,1,22.14,25.76,77,0
5,3,13,2,0,1,1,24.6,29.545,69,12.998
5,3,15,2,0,1,1,27.06,31.06,61,12.998
5,3,20,2,0,1,1,26.24,30.305,73,12.998
5,4,1,2,0,1,1,24.6,28.79,78,7.0015
5,4,4,2,0,1,1,22.96,26.515,88,12.998
5,4,11,2,0,1,2,28.7,32.575,61,0
5,4,13,2,0,1,2,26.24,30.305,73,0
5,4,17,2,0,1,1,28.7,32.575,54,31.0009
5,5,10,2,0,0,1,27.06,31.06,65,8.9981
5,5,14,2,0,0,3,28.7,32.575,61,19.9995
5,5,18,2,0,0,2,27.06,31.06,69,23.9994
5,6,0,2,0,0,2,22.96,26.515,83,8.9981
5,6,1,2,0,0,2,22.14,25.76,83,15.0013
5,6,7,2,0,0,3,21.32,25,83,11.0014
5,6,9,2,0,0,2,21.32,25,83,11.0014
5,6,12,2,0,0,2,24.6,30.305,64,6.0032
5,6,20,2,0,0,1,24.6,30.305,64,12.998
5,7,1,2,0,1,2,21.32,25,77,12.998
5,7,11,2,0,1,2,22.14,25.76,73,12.998
5,7,12,2,0,1,2,22.96,26.515,68,15.0013
5,8,0,2,0,1,2,21.32,25,52,16.9979
5,8,2,2,0,1,2,21.32,25,63,19.9995
5,8,3,2,0,1,2,21.32,25,68,19.0012
5,8,13,2,0,1,3,26.24,30.305,65,16.9979
5,8,15,2,0,1,3,25.42,29.545,73,16.9979
5,9,10,2,0,1,2,25.42,30.305,65,16.9979
5,9,12,2,0,1,2,25.42,31.06,57,15.0013
5,9,13,2,0,1,2,26.24,31.06,53,16.9979
5,9,16,2,0,1,2,27.06,31.06,50,12.998
5,10,3,2,0,1,1,18.86,22.725,88,15.0013
5,10,4,2,0,1,1,18.86,22.725,77,12.998
5,10,8,2,0,1,1,18.86,22.725,67,23.9994
5,10,10,2,0,1,1,20.5,24.24,51,27.9993
5,11,2,2,0,1,1,18.86,22.725,44,11.0014
5,11,3,2,0,1,1,18.86,22.725,41,19.0012
5,11,6,2,0,1,1,17.22,21.21,50,16.9979
5,11,8,2,0,1,1,18.86,22.725,44,16.9979
5,11,17,2,0,1,1,26.24,30.305,23,16.9979
5,12,1,2,0,0,1,20.5,24.24,48,0
5,12,7,2,0,0,1,17.22,21.21,71,8.9981
5,12,9,2,0,0,1,22.14,25.76,49,0
5,12,10,2,0,0,1,22.96,26.515,49,6.0032
5,12,11,2,0,0,1,25.42,31.06,41,6.0032
5,12,14,2,0,0,1,27.06,31.06,36,12.998
5,13,6,2,0,0,1,21.32,25,68,11.0014
5,13,9,2,0,0,1,24.6,31.06,56,8.9981
5,13,17,2,0,0,1,28.7,31.82,45,27.9993
5,14,4,2,0,1,2,22.14,25.76,77,15.0013
5,14,16,2,0,1,3,25.42,30.305,69,19.0012
5,14,19,2,0,1,3,23.78,27.275,88,8.9981
5,15,14,2,0,1,2,26.24,30.305,73,12.998
5,15,17,2,0,1,1,27.88,31.82,65,7.0015
5,15,19,2,0,1,1,27.06,31.06,69,11.0014
5,15,22,2,0,1,1,23.78,27.275,78,15.0013
5,15,23,2,0,1,3,22.96,26.515,88,7.0015
5,16,2,2,0,1,1,22.96,26.515,94,12.998
5,16,11,2,0,1,1,28.7,32.575,54,8.9981
5,16,16,2,0,1,1,29.52,32.575,45,7.0015
5,17,2,2,0,1,1,24.6,28.79,78,11.0014
5,17,3,2,0,1,1,24.6,29.545,73,16.9979
5,17,7,2,0,1,1,22.14,25.76,73,26.0027
5,17,8,2,0,1,1,21.32,25,55,30.0026
5,17,13,2,0,1,1,25.42,31.06,41,12.998
5,17,14,2,0,1,1,26.24,31.06,38,12.998
5,18,2,2,0,1,1,19.68,23.485,67,8.9981
5,18,19,2,0,1,1,25.42,31.06,41,12.998
5,18,23,2,0,1,1,21.32,25,55,0
5,19,5,2,0,0,1,18.86,22.725,67,0
5,19,10,2,0,0,1,22.96,26.515,43,0
5,19,11,2,0,0,1,25.42,31.06,38,6.0032
5,19,13,2,0,0,1,28.7,31.82,37,8.9981
5,19,18,2,0,0,1,30.34,32.575,33,6.0032
5,19,19,2,0,0,1,28.7,31.82,39,8.9981
5,19,21,2,0,0,1,26.24,31.06,50,0
6,1,2,2,0,1,1,26.24,31.06,57,15.0013
6,1,11,2,0,1,2,28.7,33.335,74,19.0012
6,1,13,2,0,1,1,29.52,34.09,70,19.9995
6,1,14,2,0,1,3,29.52,34.09,66,19.0012
6,1,20,2,0,1,3,25.42,27.275,94,16.9979
6,2,1,2,0,0,2,22.96,26.515,83,7.0015
6,2,2,2,0,0,2,22.14,25.76,88,0
6,2,3,2,0,0,1,22.96,26.515,73,16.9979
6,2,8,2,0,0,1,22.14,25.76,64,11.0014
6,2,12,2,0,0,1,25.42,31.06,43,23.9994
6,2,15,2,0,0,1,26.24,31.06,38,16.9979
6,2,21,2,0,0,1,24.6,31.06,40,7.0015
6,3,6,2,0,0,1,18.86,22.725,82,7.0015
6,3,7,2,0,0,1,20.5,24.24,68,7.0015
6,3,11,2,0,0,1,26.24,31.06,41,16.9979
6,3,23,2,0,0,1,23.78,27.275,53,7.0015
6,4,2,2,0,1,1,22.96,26.515,60,15.0013
6,4,4,2,0,1,1,22.14,25.76,64,6.0032
6,4,5,2,0,1,1,21.32,25,68,0
6,4,8,2,0,1,1,24.6,31.06,49,15.0013
6,4,10,2,0,1,1,26.24,31.06,41,31.0009
6,4,14,2,0,1,1,25.42,31.06,41,32.9975
6,5,2,2,0,1,3,21.32,25,72,19.9995
6,5,14,2,0,1,2,23.78,27.275,46,11.0014
6,5,15,2,0,1,2,23.78,27.275,46,8.9981
6,5,20,2,0,1,1,22.96,26.515,49,15.0013
6,5,21,2,0,1,1,22.14,25.76,56,11.0014
6,6,0,2,0,1,1,21.32,25,59,6.0032
6,6,11,2,0,1,1,25.42,31.06,43,6.0032
6,6,17,2,0,1,1,25.42,31.06,43,8.9981
6,6,18,2,0,1,3,24.6,31.06,53,12.998
6,6,20,2,0,1,1,22.14,25.76,73,19.0012
6,7,14,2,0,1,1,29.52,32.575,37,16.9979
6,7,23,2,0,1,1,22.96,26.515,52,8.9981
6,8,6,2,0,1,1,21.32,25,68,6.0032
6,8,8,2,0,1,1,23.78,27.275,60,6.0032
6,8,13,2,0,1,1,30.34,32.575,37,16.9979
6,8,17,2,0,1,1,31.16,33.335,29,12.998
6,9,2,2,0,0,1,26.24,31.06,50,15.0013
6,9,9,2,0,0,1,26.24,31.06,57,11.0014
6,9,18,2,0,0,1,33.62,34.85,24,15.0013
6,9,19,2,0,0,1,32.8,34.85,29,11.0014
6,9,22,2,0,0,1,28.7,32.575,58,11.0014
6,10,2,2,0,0,1,26.24,30.305,69,8.9981
6,10,17,2,0,0,1,33.62,37.12,41,19.0012
6,10,21,2,0,0,1,29.52,34.09,62,11.0014
6,11,0,2,0,1,1,28.7,32.575,65,7.0015
6,11,4,2,0,1,1,26.24,29.545,78,8.9981
6,11,5,2,0,1,1,26.24,29.545,78,8.9981
6,11,19,2,0,1,2,31.16,34.09,48,22.0028
6,11,22,2,0,1,2,29.52,33.335,58,12.998
6,12,0,2,0,1,2,28.7,32.575,58,15.0013
6,12,7,2,0,1,3,25.42,28.03,88,16.9979
6,12,12,2,0,1,3,27.06,30.305,83,16.9979
6,12,13,2,0,1,3,27.06,30.305,83,12.998
6,12,15,2,0,1,3,27.06,29.545,89,12.998
6,12,20,2,0,1,1,27.88,31.82,83,12.998
6,12,23,2,0,1,3,27.06,29.545,94,15.0013
6,13,4,2,0,1,1,24.6,28.03,83,8.9981
6,13,8,2,0,1,2,25.42,29.545,73,35.0008
6,13,23,2,0,1,1,25.42,31.06,50,19.0012
6,14,4,2,0,1,2,24.6,31.06,56,16.9979
6,14,5,2,0,1,2,24.6,31.06,56,16.9979
6,14,13,2,0,1,1,27.88,31.82,57,11.0014
6,15,8,2,0,1,1,24.6,29.545,69,11.0014
6,15,12,2,0,1,1,28.7,31.82,45,11.0014
6,15,16,2,0,1,1,29.52,32.575,37,12.998
6,15,17,2,0,1,1,30.34,32.575,37,19.0012
6,15,18,2,0,1,1,29.52,32.575,39,15.0013
6,16,4,2,0,0,1,22.14,25.76,68,8.9981
6,16,9,2,0,0,1,24.6,30.305,60,6.0032
6,16,12,2,0,0,1,27.88,31.82,41,7.0015
6,16,16,2,0,0,2,29.52,32.575,37,7.0015
6,16,18,2,0,0,2,29.52,32.575,37,15.0013
6,16,20,2,0,0,2,27.06,31.06,47,12.998
6,17,3,2,0,0,1,22.14,25.76,64,7.0015
6,17,9,2,0,0,1,22.96,26.515,68,11.0014
6,17,12,2,0,0,1,25.42,31.06,57,0
6,17,20,2,0,0,1,25.42,31.06,57,12.998
6,17,21,2,0,0,1,25.42,31.06,57,12.998
6,18,10,2,0,1,3,22.14,25.76,88,7.0015
6,18,12,2,0,1,3,22.96,26.515,78,8.9981
6,18,17,2,0,1,2,24.6,29.545,73,12.998
6,18,20,2,0,1,2,25.42,29.545,73,8.9981
6,18,21,2,0,1,2,25.42,29.545,73,7.0015
6,19,1,2,0,1,2,24.6,28.79,78,11.0014
6,19,3,2,0,1,2,24.6,28.79,78,7.0015
6,19,4,2,0,1,2,24.6,28.79,78,8.9981
6,19,17,2,0,1,1,32.8,37.88,55,12.998
6,19,20,2,0,1,1,32.8,37.88,55,16.9979
7,1,17,3,0,0,1,37.72,40.15,26,19.9995
7,1,19,3,0,0,1,34.44,37.12,39,8.9981
7,2,13,3,0,1,1,35.26,37.88,34,15.0013
7,2,21,3,0,1,1,31.16,34.09,45,8.9981
7,2,22,3,0,1,1,30.34,33.335,51,11.0014
7,3,0,3,0,1,1,29.52,33.335,54,0
7,3,4,3,0,1,1,27.88,31.82,65,7.0015
7,3,7,3,0,1,1,30.34,34.09,58,0
7,3,14,3,0,1,1,36.9,38.635,25,12.998
7,3,15,3,0,1,2,36.9,38.635,24,0
7,3,16,3,0,1,2,36.9,38.635,24,12.998
7,3,17,3,0,1,2,35.26,37.12,30,11.0014
7,3,21,3,0,1,2,28.7,32.575,70,19.0012
7,4,18,3,1,0,1,36.9,42.425,42,12.998
7,4,22,3,1,0,1,33.62,39.395,56,15.0013
7,5,0,3,0,1,1,30.34,33.335,51,7.0015
7,5,2,3,0,1,1,30.34,33.335,51,0
7,5,13,3,0,1,1,37.72,41.665,33,15.0013
7,5,17,3,0,1,1,37.72,42.425,35,11.0014
7,5,18,3,0,1,2,36.9,41.665,39,22.0028
7,5,21,3,0,1,1,34.44,38.635,47,12.998
7,6,1,3,0,1,1,31.98,36.365,55,15.0013
7,6,3,3,0,1,2,30.34,34.85,70,12.998
7,6,10,3,0,1,1,35.26,37.12,30,0
7,6,11,3,0,1,1,34.44,36.365,32,6.0032
7,6,18,3,0,1,1,36.9,40.15,33,16.9979
7,6,21,3,0,1,1,33.62,38.635,52,8.9981
7,7,3,3,0,0,1,30.34,35.605,74,8.9981
7,7,12,3,0,0,1,39.36,43.18,31,23.9994
7,7,14,3,0,0,2,39.36,43.18,30,8.9981
7,7,18,3,0,0,1,38.54,41.665,29,6.0032
7,8,6,3,0,0,1,31.98,38.635,70,8.9981
7,8,7,3,0,0,1,32.8,40.15,66,0
7,8,9,3,0,0,1,35.26,40.91,50,7.0015
7,8,14,3,0,0,1,39.36,45.455,36,11.0014
7,9,0,3,0,1,2,27.88,31.82,89,6.0032
7,9,1,3,0,1,3,28.7,33.335,89,7.0015
7,9,4,3,0,1,3,27.06,29.545,89,26.0027
7,9,6,3,0,1,3,26.24,28.79,89,16.9979
7,9,12,3,0,1,2,30.34,34.09,58,8.9981
7,9,14,3,0,1,2,30.34,34.09,55,16.9979
7,9,15,3,0,1,2,31.16,34.09,45,15.0013
7,9,18,3,0,1,1,31.16,34.09,48,8.9981
7,9,20,3,0,1,2,30.34,34.09,55,7.0015
7,9,21,3,0,1,2,30.34,34.09,55,6.0032
7,9,22,3,0,1,2,29.52,33.335,58,7.0015
7,10,0,3,0,1,1,28.7,32.575,70,6.0032
7,10,19,3,0,1,3,28.7,33.335,74,15.0013
7,10,23,3,0,1,2,26.24,28.79,89,7.0015
7,11,1,3,0,1,1,26.24,28.79,89,0
7,11,13,3,0,1,2,32.8,35.605,42,11.0014
7,11,14,3,0,1,1,32.8,35.605,41,15.0013
7,11,22,3,0,1,1,29.52,33.335,58,16.9979
7,12,3,3,0,1,1,26.24,30.305,69,7.0015
7,12,4,3,0,1,1,26.24,30.305,73,7.0015
7,12,6,3,0,1,1,26.24,30.305,73,6.0032
7,12,14,3,0,1,1,31.98,34.09,33,15.0013
7,12,15,3,0,1,1,32.8,35.605,36,12.998
7,12,21,3,0,1,1,29.52,33.335,48,15.0013
7,13,6,3,0,1,2,28.7,32.575,54,0
7,13,9,3,0,1,2,29.52,33.335,51,0
7,13,10,3,0,1,2,30.34,33.335,48,0
7,13,21,3,0,1,1,29.52,33.335,54,0
7,14,2,3,0,0,2,28.7,32.575,54,7.0015
7,14,6,3,0,0,2,26.24,29.545,78,6.0032
7,14,13,3,0,0,2,31.16,35.605,62,6.0032
7,14,19,3,0,0,1,29.52,35.605,84,6.0032
7,15,0,3,0,0,1,27.88,31.82,89,11.0014
7,15,20,3,0,0,1,29.52,34.85,79,16.9979
7,16,2,3,0,1,1,28.7,33.335,74,7.0015
7,16,3,3,0,1,1,27.88,31.82,79,6.0032
7,16,14,3,0,1,1,36.08,40.91,42,7.0015
7,16,23,3,0,1,1,30.34,35.605,74,6.0032
7,17,1,3,0,1,1,30.34,34.85,70,0
7,17,5,3,0,1,1,27.88,31.82,74,6.0032
7,17,9,3,0,1,2,33.62,38.635,49,15.0013
7,17,16,3,0,1,1,37.72,40.91,29,11.0014
7,17,19,3,0,1,1,36.08,39.395,35,16.9979
7,18,4,3,0,1,1,29.52,34.09,70,8.9981
7,18,5,3,0,1,1,29.52,34.09,70,11.0014
7,18,14,3,0,1,1,38.54,43.94,38,22.0028
7,18,19,3,0,1,2,31.16,35.605,62,7.0015
7,19,3,3,0,1,1,29.52,34.09,70,7.0015
7,19,4,3,0,1,1,29.52,34.09,70,7.0015
7,19,6,3,0,1,1,29.52,34.09,66,8.9981
7,19,16,3,0,1,1,34.44,38.635,47,6.0032
8,1,3,3,0,1,1,26.24,28.79,83,7.0015
8,1,5,3,0,1,2,26.24,29.545,78,8.9981
8,1,9,3,0,1,2,27.88,31.82,74,6.0032
8,1,10,3,0,1,1,29.52,34.09,66,6.0032
8,2,0,3,0,1,1,28.7,33.335,74,0
8,2,7,3,0,1,1,28.7,33.335,79,0
8,2,11,3,0,1,1,33.62,38.635,52,7.0015
8,2,17,3,0,1,1,33.62,38.635,52,16.9979
8,2,21,3,0,1,1,31.16,36.365,66,15.0013
8,3,0,3,0,1,1,29.52,34.09,70,12.998
8,3,6,3,0,1,1,27.06,30.305,83,15.0013
8,3,7,3,0,1,1,28.7,33.335,74,7.0015
8,3,8,3,0,1,1,29.52,34.09,70,8.9981
8,3,11,3,0,1,2,34.44,39.395,49,19.0012
8,3,19,3,0,1,2,32.8,39.395,63,15.0013
8,3,22,3,0,1,1,31.16,36.365,70,16.9979
8,4,10,3,0,0,1,33.62,38.635,57,12.998
8,4,14,3,0,0,1,36.08,40.15,40,26.0027
8,4,17,3,0,0,1,36.08,39.395,37,19.9995
8,5,1,3,0,0,1,30.34,34.85,70,16.9979
8,5,3,3,0,0,1,29.52,34.85,74,16.9979
8,5,7,3,0,0,1,30.34,35.605,74,19.9995
8,5,13,3,0,0,1,36.08,40.91,44,31.0009
8,6,5,3,0,1,1,28.7,33.335,79,12.998
8,6,6,3,0,1,2,28.7,33.335,79,15.0013
8,7,9,3,0,1,2,28.7,33.335,74,8.9981
8,7,11,3,0,1,2,31.16,36.365,66,6.0032
8,7,18,3,0,1,2,31.16,35.605,62,11.0014
8,8,5,3,0,1,2,27.88,31.82,89,11.0014
8,8,7,3,0,1,2,28.7,33.335,84,11.0014
8,8,10,3,0,1,2,32.8,37.12,52,8.9981
8,8,14,3,0,1,2,32.8,37.12,52,16.9979
8,8,15,3,0,1,2,34.44,37.88,44,12.998
8,8,16,3,0,1,2,32.8,37.12,49,19.0012
8,8,22,3,0,1,1,29.52,34.85,74,7.0015
8,9,0,3,0,1,1,29.52,34.85,74,12.998
8,9,8,3,0,1,1,29.52,34.85,74,7.0015
8,9,12,3,0,1,1,34.44,37.88,44,7.0015
8,9,13,3,0,1,1,35.26,39.395,41,7.0015
8,9,19,3,0,1,1,32.8,37.88,55,12.998
8,10,4,3,0,1,3,28.7,33.335,84,19.0012
8,10,8,3,0,1,3,25.42,27.275,91,11.0014
8,10,11,3,0,1,3,27.88,31.82,79,8.9981
8,10,15,3,0,1,1,32.8,37.12,52,30.0026
8,10,19,3,0,1,1,31.16,35.605,62,19.0012
8,11,5,3,0,0,1,25.42,28.03,88,7.0015
8,11,9,3,0,0,1,27.88,31.82,79,12.998
8,11,12,3,0,0,1,31.16,35.605,58,15.0013
8,11,16,3,0,0,1,32.8,36.365,46,19.9995
8,11,17,3,0,0,3,30.34,34.85,66,23.9994
8,12,3,3,0,0,1,25.42,29.545,73,6.0032
8,12,13,3,0,0,1,31.98,34.85,40,0
8,12,14,3,0,0,1,31.16,34.09,40,12.998
8,12,16,3,0,0,1,31.16,34.09,40,7.0015
8,13,1,3,0,1,1,27.06,31.06,65,6.0032
8,13,5,3,0,1,1,26.24,30.305,69,7.0015
8,13,8,3,0,1,2,29.52,33.335,51,6.0032
8,13,11,3,0,1,1,31.16,34.09,40,6.0032
8,13,19,3,0,1,1,30.34,34.09,58,11.0014
8,13,20,3,0,1,1,30.34,34.09,62,15.0013
8,13,22,3,0,1,1,29.52,34.09,62,22.0028
8,13,23,3,0,1,1,28.7,32.575,70,15.0013
8,14,6,3,0,1,3,26.24,28.79,83,12.998
8,14,16,3,0,1,1,33.62,37.12,43,15.0013
8,14,19,3,0,1,1,31.16,36.365,66,12.998
8,14,20,3,0,1,1,30.34,35.605,74,15.0013
8,14,22,3,0,1,1,29.52,34.09,66,6.0032
8,14,23,3,0,1,1,29.52,34.09,66,11.0014
8,15,12,3,0,1,1,30.34,34.09,55,15.0013
8,16,5,3,0,1,1,24.6,28.79,78,11.0014
8,16,6,3,0,1,1,24.6,28.79,78,11.0014
8,16,7,3,0,1,1,26.24,30.305,69,15.0013
8,16,21,3,0,1,1,30.34,33.335,48,12.998
8,17,1,3,0,1,1,27.06,12.12,65,7.0015
8,17,3,3,0,1,1,26.24,12.12,65,7.0015
8,17,5,3,0,1,1,26.24,12.12,73,7.0015
8,17,10,3,0,1,1,30.34,12.12,55,11.0014
8,17,19,3,0,1,2,30.34,12.12,55,26.0027
8,17,21,3,0,1,2,27.88,12.12,69,19.9995
8,17,23,3,0,1,3,26.24,12.12,83,15.0013
8,18,2,3,0,0,3,25.42,28.03,88,11.0014
8,18,4,3,0,0,1,25.42,29.545,73,15.0013
8,18,7,3,0,0,1,24.6,28.03,83,15.0013
8,18,14,3,0,0,1,31.16,33.335,37,19.0012
8,18,23,3,0,0,1,26.24,30.305,65,6.0032
8,19,0,3,0,0,1,27.06,31.06,57,6.0032
8,19,2,3,0,0,2,25.42,30.305,69,6.0032
8,19,4,3,0,0,2,25.42,30.305,65,11.0014
8,19,11,3,0,0,3,26.24,29.545,78,11.0014
8,19,16,3,0,0,2,27.06,31.06,65,0
8,19,17,3,0,0,2,26.24,29.545,78,7.0015
8,19,19,3,0,0,2,26.24,30.305,73,8.9981
9,1,5,3,0,0,1,27.88,31.82,79,0
9,1,16,3,0,0,2,34.44,39.395,49,11.0014
9,1,17,3,0,0,2,33.62,38.635,52,0
9,1,19,3,0,0,3,31.98,37.12,62,0
9,1,21,3,0,0,3,26.24,28.79,89,0
9,1,23,3,0,0,1,27.06,29.545,89,6.0032
9,2,2,3,0,0,1,27.06,29.545,89,0
9,2,9,3,0,0,2,28.7,33.335,84,0
9,2,13,3,0,0,3,29.52,34.85,74,6.0032
9,2,15,3,0,0,3,30.34,35.605,74,8.9981
9,2,23,3,0,0,3,27.06,29.545,89,6.0032
9,3,0,3,1,0,2,27.06,29.545,94,0
9,3,1,3,1,0,2,27.88,31.82,89,11.0014
9,3,6,3,1,0,1,27.06,29.545,94,0
9,3,11,3,1,0,2,30.34,34.85,70,19.0012
9,3,14,3,1,0,1,30.34,34.85,70,19.9995
9,3,20,3,1,0,1,29.52,34.09,76,7.0015
9,4,6,3,0,1,2,27.88,31.82,89,7.0015
9,4,13,3,0,1,1,32.8,37.88,55,30.0026
9,4,17,3,0,1,1,31.16,36.365,70,23.9994
9,4,21,3,0,1,1,30.34,35.605,74,16.9979
9,5,0,3,0,1,1,29.52,34.85,74,16.9979
9,5,4,3,0,1,1,28.7,33.335,79,19.0012
9,5,9,3,0,1,1,30.34,34.85,70,16.9979
9,5,17,3,0,1,1,31.16,36.365,66,16.9979
9,5,22,3,0,1,1,29.52,34.85,79,0
9,5,23,3,0,1,1,28.7,33.335,84,6.0032
9,6,4,3,0,1,2,28.7,33.335,84,6.0032
9,6,9,3,0,1,3,27.06,29.545,94,8.9981
9,6,20,3,0,1,1,27.06,30.305,78,15.0013
9,7,2,3,0,1,1,25.42,28.79,83,6.0032
9,7,6,3,0,1,1,25.42,28.03,88,7.0015
9,7,8,3,0,1,1,27.06,30.305,83,7.0015
9,7,10,3,0,1,1,29.52,34.85,74,8.9981
9,7,12,3,0,1,1,31.98,37.12,59,11.0014
9,7,16,3,0,1,1,32.8,37.88,55,19.0012
9,8,1,3,0,0,2,27.06,29.545,89,19.0012
9,8,4,3,0,0,2,27.06,29.545,94,15.0013
9,8,9,3,0,0,1,28.7,33.335,74,26.0027
9,8,20,3,0,0,2,23.78,27.275,88,6.0032
9,9,0,3,0,0,2,22.96,26.515,73,12.998
9,9,8,3,0,0,1,23.78,27.275,68,15.0013
9,9,13,3,0,0,1,27.88,31.82,39,0
9,9,17,3,0,0,1,28.7,31.82,37,16.9979
9,10,0,3,0,1,1,22.96,26.515,52,19.0012
9,10,4,3,0,1,1,21.32,25,68,19.0012
9,10,6,3,0,1,1,20.5,24.24,72,8.9981
9,10,13,3,0,1,1,26.24,31.06,38,15.0013
9,11,0,3,0,1,1,21.32,25,59,7.0015
9,11,1,3,0,1,1,20.5,24.24,63,0
9,11,10,3,0,1,1,25.42,31.06,38,0
9,11,12,3,0,1,1,26.24,31.06,33,0
9,11,21,3,0,1,1,22.96,26.515,60,7.0015
9,11,22,3,0,1,1,22.96,26.515,64,7.0015
9,12,0,3,0,1,1,21.32,25,72,7.0015
9,12,1,3,0,1,1,21.32,25,72,7.0015
9,12,2,3,0,1,1,21.32,25,72,6.0032
9,12,14,3,0,1,1,28.7,31.82,37,11.0014
9,12,19,3,0,1,1,26.24,31.06,50,12.998
9,12,22,3,0,1,1,22.96,26.515,64,6.0032
9,13,3,3,0,1,1,21.32,25,83,0
9,13,8,3,0,1,1,22.96,26.515,73,0
9,13,9,3,0,1,1,24.6,30.305,64,6.0032
9,13,10,3,0,1,1,26.24,31.06,61,6.0032
9,13,13,3,0,1,1,28.7,31.82,42,0
9,14,14,3,0,1,2,29.52,32.575,45,11.0014
9,14,16,3,0,1,2,29.52,33.335,51,0
9,14,22,3,0,1,1,25.42,28.79,83,12.998
9,15,4,3,0,0,2,24.6,29.545,69,23.9994
9,15,11,3,0,0,1,26.24,31.06,38,26.0027
9,15,15,3,0,0,2,27.88,31.82,34,19.0012
9,15,18,3,0,0,2,26.24,31.06,36,19.0012
9,16,4,3,0,0,1,20.5,24.24,72,0
9,16,6,3,0,0,1,20.5,24.24,72,0
9,16,16,3,0,0,1,26.24,31.06,44,11.0014
9,16,21,3,0,0,1,24.6,31.06,56,7.0015
9,17,2,3,0,1,1,21.32,25,72,0
9,17,9,3,0,1,1,23.78,27.275,68,8.9981
9,17,12,3,0,1,2,25.42,30.305,69,12.998
9,17,15,3,0,1,2,26.24,30.305,65,16.9979
9,17,17,3,0,1,2,26.24,30.305,65,15.0013
9,18,0,3,0,1,3,24.6,25.76,94,16.9979
9,18,16,3,0,1,3,24.6,27.275,88,19.9995
9,18,23,3,0,1,2,22.96,26.515,83,15.0013
9,19,1,3,0,1,2,22.14,25.76,68,16.9979
9,19,10,3,0,1,1,22.96,26.515,52,12.998
9,19,11,3,0,1,1,24.6,31.06,43,16.9979
9,19,12,3,0,1,1,24.6,31.06,43,16.9979
9,19,20,3,0,1,1,21.32,25,48,11.0014
9,19,23,3,0,1,1,19.68,23.485,67,6.0032
10,1,3,4,0,1,1,18.04,21.97,77,0
10,1,5,4,0,1,1,18.04,21.97,77,0
10,1,8,4,0,1,2,18.86,22.725,77,7.0015
10,1,13,4,0,1,2,24.6,31.06,43,11.0014
10,1,15,4,0,1,2,25.42,31.06,43,8.9981
10,1,21,4,0,1,2,22.14,25.76,73,8.9981
10,2,8,4,0,1,3,24.6,27.275,88,0
10,2,20,4,0,1,3,25.42,27.275,94,8.9981
10,3,9,4,0,1,2,25.42,28.79,83,12.998
10,3,11,4,0,1,1,27.06,30.305,78,11.0014
10,3,12,4,0,1,2,28.7,32.575,70,7.0015
10,4,3,4,0,1,2,25.42,28.03,88,0
10,4,11,4,0,1,2,28.7,32.575,70,7.0015
10,4,19,4,0,1,1,27.06,31.06,57,7.0015
10,4,20,4,0,1,1,26.24,30.305,65,7.0015
10,4,22,4,0,1,1,26.24,31.06,47,8.9981
10,5,15,4,0,1,1,29.52,32.575,39,16.9979
10,5,17,4,0,1,1,28.7,31.82,42,11.0014
10,6,1,4,0,0,1,22.96,26.515,83,16.9979
10,6,2,4,0,0,1,22.96,26.515,78,12.998
10,6,9,4,0,0,1,24.6,29.545,73,12.998
10,6,10,4,0,0,1,25.42,30.305,69,19.0012
10,6,11,4,0,0,1,26.24,30.305,65,16.9979
10,6,12,4,0,0,1,28.7,32.575,54,7.0015
10,6,18,4,0,0,1,21.32,25,48,27.9993
10,6,23,4,0,0,1,18.04,21.97,62,8.9981
10,7,1,4,0,0,1,18.04,21.97,54,15.0013
10,7,3,4,0,0,2,18.04,21.97,62,8.9981
10,7,20,4,0,0,1,16.4,20.455,82,8.9981
10,7,21,4,0,0,1,15.58,19.695,87,7.0015
10,8,2,4,1,0,1,13.94,16.665,81,12.998
10,8,4,4,1,0,1,13.12,16.665,87,8.9981
10,8,10,4,1,0,2,15.58,19.695,68,8.9981
10,8,13,4,1,0,2,17.22,21.21,62,12.998
10,8,17,4,1,0,2,17.22,21.21,66,16.9979
10,8,19,4,1,0,2,16.4,20.455,71,16.9979
10,8,20,4,1,0,3,16.4,20.455,71,15.0013
10,8,21,4,1,0,2,16.4,20.455,76,15.0013
10,9,0,4,0,1,2,15.58,19.695,82,15.0013
10,9,1,4,0,1,3,14.76,17.425,87,15.0013
10,9,4,4,0,1,3,14.76,17.425,87,11.0014
10,9,6,4,0,1,2,15.58,19.695,82,16.9979
10,9,15,4,0,1,2,21.32,25,63,11.0014
10,9,17,4,0,1,2,21.32,25,68,11.0014
10,10,0,4,0,1,2,18.86,22.725,88,6.0032
10,10,5,4,0,1,2,18.86,22.725,88,6.0032
10,10,6,4,0,1,2,18.86,22.725,88,6.0032
10,10,8,4,0,1,1,20.5,24.24,77,11.0014
10,10,15,4,0,1,1,24.6,31.06,40,11.0014
10,11,0,4,0,1,1,18.04,21.97,51,8.9981
10,11,1,4,0,1,1,18.04,21.97,47,12.998
10,11,11,4,0,1,1,18.86,22.725,36,0
10,11,12,4,0,1,1,18.86,22.725,36,0
10,11,13,4,0,1,1,20.5,24.24,31,7.0015
10,11,22,4,0,1,1,16.4,20.455,66,11.0014
10,12,1,4,0,1,1,16.4,20.455,66,6.0032
10,12,8,4,0,1,1,17.22,21.21,71,6.0032
10,12,11,4,0,1,1,22.14,25.76,37,23.9994
10,12,19,4,0,1,1,17.22,21.21,41,15.0013
10,12,21,4,0,1,1,16.4,20.455,54,12.998
10,12,22,4,0,1,1,16.4,20.455,47,19.9995
10,13,1,4,0,0,1,13.94,16.665,53,8.9981
10,13,3,4,0,0,1,13.12,15.15,66,15.0013
10,13,13,4,0,0,1,18.86,22.725,36,12.998
10,14,10,4,0,0,1,22.14,25.76,56,12.998
10,14,11,4,0,0,1,22.96,26.515,52,19.9995
10,14,16,4,0,0,1,26.24,31.06,41,19.9995
10,14,21,4,0,0,1,22.96,26.515,73,30.0026
10,15,5,4,0,1,2,22.96,26.515,73,19.0012
10,16,9,4,0,1,1,19.68,23.485,55,16.9979
10,16,14,4,0,1,1,22.14,25.76,39,16.9979
10,16,19,4,0,1,1,19.68,23.485,48,0
10,17,1,4,0,1,1,15.58,19.695,76,0
10,17,9,4,0,1,2,17.22,21.21,77,0
10,17,15,4,0,1,2,23.78,27.275,43,15.0013
10,17,16,4,0,1,1,22.96,26.515,52,12.998
10,18,0,4,0,1,1,18.86,22.725,88,12.998
10,18,12,4,0,1,2,24.6,31.06,53,16.9979
10,18,16,4,0,1,1,24.6,31.06,56,19.0012
10,18,19,4,0,1,2,22.96,26.515,68,19.9995
10,19,5,4,0,1,2,22.14,25.76,88,0
10,19,21,4,0,1,1,20.5,24.24,77,0
11,1,4,4,0,1,2,13.94,17.425,66,7.0015
11,1,16,4,0,1,2,16.4,20.455,54,11.0014
11,1,18,4,0,1,2,16.4,20.455,50,11.0014
11,2,1,4,0,1,1,13.12,15.91,66,11.0014
11,2,9,4,0,1,1,13.94,17.425,53,7.0015
11,2,10,4,0,1,1,15.58,19.695,46,19.9995
11,2,12,4,0,1,1,17.22,21.21,41,23.9994
11,2,17,4,0,1,1,15.58,19.695,40,22.0028
11,2,19,4,0,1,2,15.58,19.695,43,19.9995
11,2,21,4,0,1,2,14.76,16.665,46,23.9994
11,2,23,4,0,1,1,13.94,15.15,53,19.9995
11,3,0,4,0,0,1,13.94,16.665,53,11.0014
11,3,4,4,0,0,2,13.12,15.15,49,19.9995
11,4,1,4,0,0,1,10.66,14.395,81,6.0032
11,4,10,4,0,0,1,13.94,16.665,49,12.998
11,4,12,4,0,0,1,15.58,19.695,46,15.0013
11,4,16,4,0,0,1,16.4,20.455,40,22.0028
11,4,17,4,0,0,1,14.76,17.425,43,12.998
11,4,22,4,0,0,1,12.3,14.395,52,19.0012
11,5,0,4,0,1,2,12.3,14.395,56,12.998
11,5,1,4,0,1,2,12.3,15.15,56,11.0014
11,5,2,4,0,1,2,12.3,15.15,56,11.0014
11,5,4,4,0,1,2,12.3,14.395,52,16.9979
11,5,9,4,0,1,2,12.3,14.395,52,19.0012
11,5,16,4,0,1,1,14.76,16.665,43,19.0012
11,6,5,4,0,1,2,9.02,11.365,64,12.998
11,6,8,4,0,1,1,9.02,11.365,69,11.0014
11,6,11,4,0,1,1,13.12,16.665,45,8.9981
11,6,16,4,0,1,1,13.94,16.665,46,11.0014
11,6,21,4,0,1,2,12.3,14.395,56,16.9979
11,7,10,4,0,1,2,11.48,12.88,56,19.9995
11,7,11,4,0,1,2,13.12,14.395,51,23.9994
11,7,20,4,0,1,2,13.12,15.15,49,22.0028
11,7,22,4,0,1,3,12.3,14.395,56,16.9979
11,8,0,4,0,1,3,11.48,13.635,61,15.0013
11,8,9,4,0,1,1,13.12,14.395,31,23.9994
11,8,10,4,0,1,1,13.12,15.15,31,22.0028
11,8,11,4,0,1,1,14.76,16.665,29,26.0027
11,8,12,4,0,1,1,16.4,20.455,24,32.9975
11,8,14,4,0,1,1,18.04,21.97,18,27.9993
11,8,15,4,0,1,1,18.04,21.97,18,27.9993
11,8,20,4,0,1,1,15.58,19.695,29,31.0009
11,8,22,4,0,1,1,13.94,15.15,42,19.9995
11,9,0,4,0,1,1,13.94,15.15,49,22.0028
11,9,6,4,0,1,1,10.66,13.635,65,7.0015
11,9,23,4,0,1,1,13.12,16.665,81,6.0032
11,10,2,4,0,0,1,13.12,17.425,81,0
11,10,3,4,0,0,1,12.3,16.665,81,0
11,10,5,4,0,0,1,11.48,15.91,87,0
11,10,10,4,0,0,1,16.4,20.455,58,0
11,10,16,4,0,0,1,22.14,25.76,37,0
11,10,19,4,0,0,1,18.86,22.725,51,6.0032
11,11,14,4,0,0,1,24.6,31.06,33,11.0014
11,11,18,4,0,0,1,21.32,25,45,8.9981
11,11,19,4,0,0,1,19.68,23.485,55,8.9981
11,11,22,4,0,0,1,17.22,21.21,71,12.998
11,11,23,4,0,0,1,17.22,21.21,71,12.998
11,12,0,4,1,0,1,17.22,21.21,71,7.0015
11,12,1,4,1,0,1,16.4,20.455,76,11.0014
11,12,5,4,1,0,1,15.58,19.695,87,0
11,12,10,4,1,0,1,19.68,23.485,77,11.0014
11,12,13,4,1,0,1,24.6,30.305,60,15.0013
11,12,14,4,1,0,1,23.78,27.275,60,19.0012
11,13,0,4,0,1,2,21.32,25,83,19.0012
11,13,3,4,0,1,3,14.76,16.665,87,23.9994
11,13,5,4,0,1,2,13.94,15.91,87,19.0012
11,13,12,4,0,1,1,13.94,15.91,61,19.0012
11,13,15,4,0,1,1,16.4,20.455,40,19.9995
11,13,22,4,0,1,1,10.66,11.365,56,22.0028
11,14,2,4,0,1,1,9.84,10.605,60,19.9995
11,14,3,4,0,1,1,9.84,11.365,65,15.0013
11,14,7,4,0,1,1,9.84,10.605,65,19.0012
11,14,11,4,0,1,1,13.12,15.15,49,16.9979
11,14,15,4,0,1,1,14.76,16.665,43,19.0012
11,14,18,4,0,1,1,13.12,15.91,53,11.0014
11,14,20,4,0,1,1,12.3,15.91,52,6.0032
11,14,21,4,0,1,1,12.3,16.665,56,0
11,15,3,4,0,1,2,10.66,14.395,70,6.0032
11,15,11,4,0,1,2,13.94,16.665,61,8.9981
11,15,13,4,0,1,2,15.58,19.695,54,7.0015
11,15,15,4,0,1,2,15.58,19.695,58,11.0014
11,15,17,4,0,1,2,14.76,17.425,57,15.0013
11,16,10,4,0,1,1,13.94,16.665,53,12.998
11,16,23,4,0,1,1,13.12,15.15,53,15.0013
11,17,3,4,0,0,1,10.66,12.88,65,12.998
11,17,11,4,0,0,1,15.58,19.695,43,12.998
11,17,15,4,0,0,1,17.22,21.21,35,19.9995
11,17,16,4,0,0,1,16.4,20.455,40,15.0013
11,18,9,4,0,0,1,13.12,15.15,70,16.9979
11,18,10,4,0,0,1,13.94,15.15,66,19.9995
11,18,18,4,0,0,1,14.76,17.425,66,15.0013
11,19,6,4,0,1,2,14.76,16.665,66,16.9979
11,19,7,4,0,1,2,14.76,16.665,66,19.9995
11,19,9,4,0,1,2,14.76,16.665,66,16.9979
11,19,10,4,0,1,2,14.76,16.665,66,16.9979
11,19,21,4,0,1,2,15.58,19.695,54,15.0013
12,1,7,4,0,0,2,9.84,12.12,87,8.9981
12,1,20,4,0,0,1,13.12,17.425,81,0
12,2,5,4,0,0,2,10.66,15.15,93,0
12,2,12,4,0,0,2,13.94,16.665,81,11.0014
12,2,17,4,0,0,3,16.4,20.455,76,12.998
12,2,20,4,0,0,2,17.22,21.21,82,12.998
12,2,21,4,0,0,2,18.04,21.97,77,15.0013
12,3,9,4,0,1,1,16.4,20.455,87,6.0032
12,3,11,4,0,1,1,19.68,23.485,77,8.9981
12,3,12,4,0,1,1,21.32,25,68,11.0014
12,3,13,4,0,1,1,23.78,27.275,56,6.0032
12,4,1,4,0,1,1,17.22,21.21,82,7.0015
12,4,10,4,0,1,1,18.86,22.725,82,12.998
12,5,8,4,0,1,2,18.04,21.97,58,19.0012
12,5,14,4,0,1,1,19.68,23.485,33,32.9975
12,5,18,4,0,1,1,17.22,21.21,35,30.0026
12,6,1,4,0,1,1,10.66,12.12,48,19.0012
12,6,10,4,0,1,1,9.84,11.365,52,12.998
12,6,11,4,0,1,1,10.66,12.88,48,11.0014
12,6,12,4,0,1,1,11.48,15.91,41,0
12,6,21,4,0,1,2,9.84,12.12,60,8.9981
12,7,10,4,0,1,2,13.12,15.91,76,11.0014
12,7,13,4,0,1,2,14.76,17.425,66,8.9981
12,8,3,4,0,0,2,14.76,18.18,93,7.0015
12,8,8,4,0,0,2,15.58,19.695,94,6.0032
12,8,9,4,0,0,2,15.58,19.695,94,0
12,8,10,4,0,0,2,16.4,20.455,87,8.9981
12,8,23,4,0,0,2,16.4,20.455,94,0
12,9,2,4,0,0,2,16.4,20.455,87,7.0015
12,9,4,4,0,0,2,16.4,20.455,94,7.0015
12,9,10,4,0,0,2,16.4,20.455,87,19.0012
12,10,10,4,0,1,2,18.04,21.97,94,15.0013
12,10,14,4,0,1,2,20.5,24.24,94,15.0013
12,10,18,4,0,1,2,18.86,22.725,88,19.0012
12,10,20,4,0,1,1,18.86,22.725,88,16.9979
12,10,21,4,0,1,2,18.86,22.725,94,12.998
12,10,23,4,0,1,1,18.86,22.725,88,16.9979
12,11,6,4,0,1,2,13.94,15.15,71,19.9995
12,11,7,4,0,1,1,13.94,15.15,66,27.9993
12,11,10,4,0,1,1,14.76,16.665,57,22.0028
12,11,18,4,0,1,1,13.12,15.15,53,15.0013
12,11,19,4,0,1,1,13.12,15.15,53,15.0013
12,11,20,4,0,1,1,13.12,15.15,53,15.0013
12,11,22,4,0,1,1,12.3,14.395,56,15.0013
12,12,1,4,0,1,1,11.48,13.635,61,15.0013
12,12,8,4,0,1,2,10.66,12.88,65,11.0014
12,12,18,4,0,1,2,13.12,15.15,49,15.0013
12,13,1,4,0,1,2,11.48,12.88,52,19.0012
12,13,7,4,0,1,1,9.84,11.365,60,15.0013
12,13,10,4,0,1,1,13.12,15.15,45,19.0012
12,13,13,4,0,1,1,14.76,17.425,34,12.998
12,13,17,4,0,1,1,13.12,16.665,42,7.0015
12,13,23,4,0,1,1,10.66,15.15,60,0
12,14,4,4,0,1,1,8.2,11.365,75,6.0032
12,15,1,4,0,0,2,10.66,14.395,81,6.0032
12,15,5,4,0,0,2,10.66,15.15,75,0
12,15,6,4,0,0,2,9.84,14.395,75,0
12,15,7,4,0,0,2,9.84,12.88,75,6.0032
12,16,0,4,0,0,2,14.76,18.94,62,0
12,16,3,4,0,0,2,13.94,16.665,87,12.998
12,16,6,4,0,0,2,13.94,18.18,87,0
12,16,12,4,0,0,2,15.58,19.695,82,12.998
12,16,13,4,0,0,2,15.58,19.695,76,12.998
12,16,16,4,0,0,2,15.58,19.695,82,7.0015
12,16,20,4,0,0,2,15.58,19.695,82,0
12,16,22,4,0,0,2,16.4,20.455,82,12.998
12,17,0,4,0,1,2,15.58,19.695,87,0
12,17,1,4,0,1,2,15.58,19.695,87,7.0015
12,17,2,4,0,1,2,15.58,19.695,94,0
12,17,6,4,0,1,2,14.76,17.425,93,8.9981
12,17,12,4,0,1,2,16.4,20.455,87,0
12,17,20,4,0,1,2,17.22,21.21,94,16.9979
12,18,1,4,0,1,2,18.04,21.97,94,8.9981
12,18,4,4,0,1,1,17.22,21.21,82,11.0014
12,18,7,4,0,1,1,14.76,17.425,93,8.9981
12,18,8,4,0,1,1,15.58,19.695,94,0
12,18,9,4,0,1,1,16.4,20.455,87,6.0032
12,18,10,4,0,1,1,18.04,21.97,77,6.0032
12,18,11,4,0,1,1,19.68,23.485,63,15.0013
12,18,20,4,0,1,1,14.76,16.665,50,16.9979
12,18,23,4,0,1,1,13.94,17.425,49,6.0032
12,19,2,4,0,1,1,11.48,15.15,65,6.0032
12,19,4,4,0,1,1,9.84,12.12,75,8.9981
12,19,5,4,0,1,1,10.66,14.395,75,6.0032
12,19,9,4,0,1,1,11.48,14.395,75,7.0015
12,19,10,4,0,1,1,13.12,16.665,70,7.0015
12,19,12,4,0,1,1,16.4,20.455,54,19.0012
12,19,14,4,0,1,1,17.22,21.21,50,12.998
12,19,20,4,0,1,1,14.76,17.425,57,15.0013
